cm-1;%T
4000,00;97,46
3999,00;97,46
3998,00;97,46
3997,00;97,46
3996,00;97,46
3995,00;97,46
3994,00;97,46
3993,00;97,46
3992,00;97,46
3991,00;97,46
3990,00;97,46
3989,00;97,46
3988,00;97,46
3987,00;97,47
3986,00;97,47
3985,00;97,47
3984,00;97,47
3983,00;97,47
3982,00;97,47
3981,00;97,47
3980,00;97,48
3979,00;97,48
3978,00;97,48
3977,00;97,48
3976,00;97,48
3975,00;97,48
3974,00;97,47
3973,00;97,47
3972,00;97,47
3971,00;97,48
3970,00;97,48
3969,00;97,48
3968,00;97,48
3967,00;97,48
3966,00;97,48
3965,00;97,48
3964,00;97,49
3963,00;97,49
3962,00;97,49
3961,00;97,50
3960,00;97,50
3959,00;97,50
3958,00;97,50
3957,00;97,50
3956,00;97,50
3955,00;97,50
3954,00;97,50
3953,00;97,50
3952,00;97,50
3951,00;97,50
3950,00;97,50
3949,00;97,50
3948,00;97,50
3947,00;97,50
3946,00;97,50
3945,00;97,50
3944,00;97,50
3943,00;97,51
3942,00;97,51
3941,00;97,51
3940,00;97,50
3939,00;97,50
3938,00;97,50
3937,00;97,50
3936,00;97,50
3935,00;97,50
3934,00;97,49
3933,00;97,50
3932,00;97,50
3931,00;97,51
3930,00;97,51
3929,00;97,52
3928,00;97,52
3927,00;97,52
3926,00;97,52
3925,00;97,53
3924,00;97,53
3923,00;97,52
3922,00;97,52
3921,00;97,52
3920,00;97,52
3919,00;97,52
3918,00;97,52
3917,00;97,52
3916,00;97,52
3915,00;97,52
3914,00;97,52
3913,00;97,52
3912,00;97,53
3911,00;97,53
3910,00;97,53
3909,00;97,53
3908,00;97,53
3907,00;97,53
3906,00;97,53
3905,00;97,53
3904,00;97,53
3903,00;97,53
3902,00;97,52
3901,00;97,52
3900,00;97,52
3899,00;97,53
3898,00;97,53
3897,00;97,53
3896,00;97,53
3895,00;97,54
3894,00;97,54
3893,00;97,55
3892,00;97,55
3891,00;97,55
3890,00;97,55
3889,00;97,55
3888,00;97,54
3887,00;97,54
3886,00;97,55
3885,00;97,55
3884,00;97,55
3883,00;97,55
3882,00;97,55
3881,00;97,55
3880,00;97,56
3879,00;97,56
3878,00;97,56
3877,00;97,56
3876,00;97,56
3875,00;97,56
3874,00;97,57
3873,00;97,56
3872,00;97,55
3871,00;97,55
3870,00;97,54
3869,00;97,55
3868,00;97,55
3867,00;97,55
3866,00;97,55
3865,00;97,55
3864,00;97,56
3863,00;97,56
3862,00;97,56
3861,00;97,56
3860,00;97,57
3859,00;97,57
3858,00;97,58
3857,00;97,58
3856,00;97,58
3855,00;97,58
3854,00;97,57
3853,00;97,57
3852,00;97,56
3851,00;97,56
3850,00;97,57
3849,00;97,57
3848,00;97,58
3847,00;97,59
3846,00;97,59
3845,00;97,59
3844,00;97,59
3843,00;97,59
3842,00;97,59
3841,00;97,58
3840,00;97,58
3839,00;97,59
3838,00;97,59
3837,00;97,59
3836,00;97,60
3835,00;97,59
3834,00;97,59
3833,00;97,59
3832,00;97,59
3831,00;97,60
3830,00;97,60
3829,00;97,60
3828,00;97,60
3827,00;97,61
3826,00;97,61
3825,00;97,62
3824,00;97,61
3823,00;97,61
3822,00;97,60
3821,00;97,60
3820,00;97,60
3819,00;97,60
3818,00;97,59
3817,00;97,59
3816,00;97,60
3815,00;97,61
3814,00;97,62
3813,00;97,62
3812,00;97,62
3811,00;97,63
3810,00;97,63
3809,00;97,63
3808,00;97,63
3807,00;97,63
3806,00;97,63
3805,00;97,63
3804,00;97,62
3803,00;97,62
3802,00;97,62
3801,00;97,62
3800,00;97,63
3799,00;97,63
3798,00;97,63
3797,00;97,63
3796,00;97,64
3795,00;97,65
3794,00;97,65
3793,00;97,65
3792,00;97,65
3791,00;97,66
3790,00;97,66
3789,00;97,66
3788,00;97,67
3787,00;97,67
3786,00;97,67
3785,00;97,67
3784,00;97,67
3783,00;97,66
3782,00;97,65
3781,00;97,65
3780,00;97,65
3779,00;97,66
3778,00;97,66
3777,00;97,67
3776,00;97,67
3775,00;97,67
3774,00;97,67
3773,00;97,67
3772,00;97,67
3771,00;97,67
3770,00;97,67
3769,00;97,67
3768,00;97,68
3767,00;97,68
3766,00;97,68
3765,00;97,69
3764,00;97,69
3763,00;97,69
3762,00;97,68
3761,00;97,68
3760,00;97,68
3759,00;97,68
3758,00;97,68
3757,00;97,68
3756,00;97,68
3755,00;97,68
3754,00;97,67
3753,00;97,66
3752,00;97,66
3751,00;97,65
3750,00;97,65
3749,00;97,65
3748,00;97,65
3747,00;97,65
3746,00;97,65
3745,00;97,65
3744,00;97,66
3743,00;97,66
3742,00;97,66
3741,00;97,66
3740,00;97,66
3739,00;97,65
3738,00;97,65
3737,00;97,65
3736,00;97,66
3735,00;97,68
3734,00;97,68
3733,00;97,69
3732,00;97,69
3731,00;97,69
3730,00;97,69
3729,00;97,69
3728,00;97,69
3727,00;97,69
3726,00;97,69
3725,00;97,70
3724,00;97,70
3723,00;97,71
3722,00;97,72
3721,00;97,72
3720,00;97,73
3719,00;97,73
3718,00;97,74
3717,00;97,74
3716,00;97,73
3715,00;97,72
3714,00;97,71
3713,00;97,70
3712,00;97,70
3711,00;97,71
3710,00;97,71
3709,00;97,71
3708,00;97,72
3707,00;97,72
3706,00;97,72
3705,00;97,73
3704,00;97,74
3703,00;97,74
3702,00;97,75
3701,00;97,75
3700,00;97,75
3699,00;97,74
3698,00;97,74
3697,00;97,74
3696,00;97,74
3695,00;97,73
3694,00;97,73
3693,00;97,72
3692,00;97,72
3691,00;97,72
3690,00;97,72
3689,00;97,72
3688,00;97,71
3687,00;97,71
3686,00;97,71
3685,00;97,71
3684,00;97,71
3683,00;97,71
3682,00;97,71
3681,00;97,70
3680,00;97,70
3679,00;97,69
3678,00;97,68
3677,00;97,67
3676,00;97,66
3675,00;97,67
3674,00;97,66
3673,00;97,66
3672,00;97,65
3671,00;97,65
3670,00;97,65
3669,00;97,65
3668,00;97,65
3667,00;97,64
3666,00;97,64
3665,00;97,63
3664,00;97,62
3663,00;97,61
3662,00;97,61
3661,00;97,60
3660,00;97,60
3659,00;97,59
3658,00;97,57
3657,00;97,56
3656,00;97,55
3655,00;97,54
3654,00;97,53
3653,00;97,52
3652,00;97,50
3651,00;97,48
3650,00;97,47
3649,00;97,46
3648,00;97,45
3647,00;97,44
3646,00;97,43
3645,00;97,42
3644,00;97,42
3643,00;97,41
3642,00;97,40
3641,00;97,39
3640,00;97,38
3639,00;97,37
3638,00;97,35
3637,00;97,34
3636,00;97,33
3635,00;97,32
3634,00;97,31
3633,00;97,29
3632,00;97,27
3631,00;97,24
3630,00;97,21
3629,00;97,19
3628,00;97,18
3627,00;97,17
3626,00;97,16
3625,00;97,15
3624,00;97,14
3623,00;97,13
3622,00;97,12
3621,00;97,11
3620,00;97,09
3619,00;97,07
3618,00;97,04
3617,00;97,02
3616,00;97,01
3615,00;96,99
3614,00;96,98
3613,00;96,96
3612,00;96,95
3611,00;96,92
3610,00;96,90
3609,00;96,88
3608,00;96,86
3607,00;96,84
3606,00;96,82
3605,00;96,81
3604,00;96,80
3603,00;96,78
3602,00;96,76
3601,00;96,74
3600,00;96,72
3599,00;96,70
3598,00;96,68
3597,00;96,67
3596,00;96,65
3595,00;96,63
3594,00;96,61
3593,00;96,59
3592,00;96,57
3591,00;96,55
3590,00;96,53
3589,00;96,51
3588,00;96,50
3587,00;96,48
3586,00;96,46
3585,00;96,44
3584,00;96,42
3583,00;96,40
3582,00;96,39
3581,00;96,37
3580,00;96,34
3579,00;96,32
3578,00;96,30
3577,00;96,28
3576,00;96,25
3575,00;96,23
3574,00;96,21
3573,00;96,18
3572,00;96,16
3571,00;96,14
3570,00;96,11
3569,00;96,09
3568,00;96,06
3567,00;96,04
3566,00;96,01
3565,00;95,99
3564,00;95,96
3563,00;95,94
3562,00;95,92
3561,00;95,90
3560,00;95,88
3559,00;95,87
3558,00;95,85
3557,00;95,83
3556,00;95,80
3555,00;95,78
3554,00;95,75
3553,00;95,73
3552,00;95,71
3551,00;95,68
3550,00;95,66
3549,00;95,63
3548,00;95,61
3547,00;95,58
3546,00;95,55
3545,00;95,52
3544,00;95,50
3543,00;95,48
3542,00;95,45
3541,00;95,43
3540,00;95,41
3539,00;95,39
3538,00;95,37
3537,00;95,35
3536,00;95,33
3535,00;95,31
3534,00;95,29
3533,00;95,27
3532,00;95,24
3531,00;95,22
3530,00;95,19
3529,00;95,16
3528,00;95,13
3527,00;95,11
3526,00;95,08
3525,00;95,06
3524,00;95,04
3523,00;95,02
3522,00;95,00
3521,00;94,98
3520,00;94,96
3519,00;94,94
3518,00;94,91
3517,00;94,89
3516,00;94,86
3515,00;94,83
3514,00;94,81
3513,00;94,78
3512,00;94,76
3511,00;94,74
3510,00;94,72
3509,00;94,70
3508,00;94,67
3507,00;94,65
3506,00;94,62
3505,00;94,60
3504,00;94,57
3503,00;94,55
3502,00;94,53
3501,00;94,50
3500,00;94,47
3499,00;94,44
3498,00;94,42
3497,00;94,41
3496,00;94,39
3495,00;94,37
3494,00;94,35
3493,00;94,32
3492,00;94,30
3491,00;94,27
3490,00;94,24
3489,00;94,22
3488,00;94,20
3487,00;94,17
3486,00;94,15
3485,00;94,13
3484,00;94,11
3483,00;94,08
3482,00;94,05
3481,00;94,03
3480,00;94,00
3479,00;93,97
3478,00;93,95
3477,00;93,92
3476,00;93,90
3475,00;93,87
3474,00;93,85
3473,00;93,82
3472,00;93,80
3471,00;93,77
3470,00;93,74
3469,00;93,72
3468,00;93,69
3467,00;93,67
3466,00;93,64
3465,00;93,62
3464,00;93,60
3463,00;93,57
3462,00;93,55
3461,00;93,52
3460,00;93,50
3459,00;93,47
3458,00;93,45
3457,00;93,42
3456,00;93,40
3455,00;93,38
3454,00;93,36
3453,00;93,33
3452,00;93,31
3451,00;93,28
3450,00;93,25
3449,00;93,23
3448,00;93,20
3447,00;93,18
3446,00;93,16
3445,00;93,14
3444,00;93,11
3443,00;93,09
3442,00;93,06
3441,00;93,03
3440,00;93,01
3439,00;92,98
3438,00;92,96
3437,00;92,93
3436,00;92,91
3435,00;92,88
3434,00;92,86
3433,00;92,84
3432,00;92,82
3431,00;92,79
3430,00;92,77
3429,00;92,75
3428,00;92,73
3427,00;92,70
3426,00;92,67
3425,00;92,65
3424,00;92,62
3423,00;92,60
3422,00;92,58
3421,00;92,56
3420,00;92,54
3419,00;92,52
3418,00;92,50
3417,00;92,48
3416,00;92,45
3415,00;92,43
3414,00;92,41
3413,00;92,38
3412,00;92,36
3411,00;92,34
3410,00;92,32
3409,00;92,30
3408,00;92,28
3407,00;92,26
3406,00;92,25
3405,00;92,23
3404,00;92,21
3403,00;92,19
3402,00;92,17
3401,00;92,15
3400,00;92,13
3399,00;92,12
3398,00;92,11
3397,00;92,09
3396,00;92,07
3395,00;92,05
3394,00;92,04
3393,00;92,02
3392,00;92,00
3391,00;91,99
3390,00;91,98
3389,00;91,97
3388,00;91,95
3387,00;91,93
3386,00;91,92
3385,00;91,90
3384,00;91,89
3383,00;91,87
3382,00;91,85
3381,00;91,83
3380,00;91,81
3379,00;91,80
3378,00;91,78
3377,00;91,76
3376,00;91,75
3375,00;91,74
3374,00;91,73
3373,00;91,71
3372,00;91,69
3371,00;91,67
3370,00;91,65
3369,00;91,64
3368,00;91,63
3367,00;91,62
3366,00;91,60
3365,00;91,59
3364,00;91,58
3363,00;91,57
3362,00;91,56
3361,00;91,55
3360,00;91,53
3359,00;91,52
3358,00;91,51
3357,00;91,49
3356,00;91,48
3355,00;91,46
3354,00;91,45
3353,00;91,43
3352,00;91,42
3351,00;91,41
3350,00;91,40
3349,00;91,39
3348,00;91,38
3347,00;91,37
3346,00;91,36
3345,00;91,35
3344,00;91,34
3343,00;91,33
3342,00;91,32
3341,00;91,31
3340,00;91,31
3339,00;91,30
3338,00;91,30
3337,00;91,30
3336,00;91,30
3335,00;91,30
3334,00;91,30
3333,00;91,30
3332,00;91,29
3331,00;91,29
3330,00;91,29
3329,00;91,28
3328,00;91,28
3327,00;91,28
3326,00;91,29
3325,00;91,30
3324,00;91,31
3323,00;91,31
3322,00;91,32
3321,00;91,32
3320,00;91,32
3319,00;91,32
3318,00;91,32
3317,00;91,32
3316,00;91,32
3315,00;91,33
3314,00;91,33
3313,00;91,33
3312,00;91,33
3311,00;91,33
3310,00;91,33
3309,00;91,33
3308,00;91,34
3307,00;91,34
3306,00;91,34
3305,00;91,34
3304,00;91,34
3303,00;91,34
3302,00;91,35
3301,00;91,35
3300,00;91,35
3299,00;91,35
3298,00;91,34
3297,00;91,35
3296,00;91,35
3295,00;91,35
3294,00;91,35
3293,00;91,35
3292,00;91,35
3291,00;91,35
3290,00;91,35
3289,00;91,36
3288,00;91,36
3287,00;91,36
3286,00;91,37
3285,00;91,38
3284,00;91,38
3283,00;91,38
3282,00;91,38
3281,00;91,39
3280,00;91,39
3279,00;91,40
3278,00;91,41
3277,00;91,42
3276,00;91,43
3275,00;91,44
3274,00;91,44
3273,00;91,45
3272,00;91,46
3271,00;91,47
3270,00;91,48
3269,00;91,50
3268,00;91,51
3267,00;91,53
3266,00;91,54
3265,00;91,55
3264,00;91,56
3263,00;91,57
3262,00;91,58
3261,00;91,60
3260,00;91,61
3259,00;91,62
3258,00;91,64
3257,00;91,65
3256,00;91,67
3255,00;91,69
3254,00;91,71
3253,00;91,72
3252,00;91,74
3251,00;91,75
3250,00;91,76
3249,00;91,77
3248,00;91,78
3247,00;91,80
3246,00;91,82
3245,00;91,84
3244,00;91,86
3243,00;91,88
3242,00;91,89
3241,00;91,91
3240,00;91,92
3239,00;91,94
3238,00;91,95
3237,00;91,97
3236,00;91,99
3235,00;92,01
3234,00;92,02
3233,00;92,04
3232,00;92,05
3231,00;92,06
3230,00;92,08
3229,00;92,09
3228,00;92,10
3227,00;92,12
3226,00;92,14
3225,00;92,15
3224,00;92,17
3223,00;92,18
3222,00;92,20
3221,00;92,22
3220,00;92,24
3219,00;92,25
3218,00;92,27
3217,00;92,29
3216,00;92,30
3215,00;92,32
3214,00;92,34
3213,00;92,35
3212,00;92,36
3211,00;92,38
3210,00;92,39
3209,00;92,41
3208,00;92,43
3207,00;92,45
3206,00;92,47
3205,00;92,49
3204,00;92,51
3203,00;92,53
3202,00;92,54
3201,00;92,56
3200,00;92,58
3199,00;92,59
3198,00;92,61
3197,00;92,63
3196,00;92,65
3195,00;92,67
3194,00;92,69
3193,00;92,70
3192,00;92,72
3191,00;92,74
3190,00;92,76
3189,00;92,78
3188,00;92,80
3187,00;92,81
3186,00;92,83
3185,00;92,85
3184,00;92,86
3183,00;92,88
3182,00;92,90
3181,00;92,92
3180,00;92,94
3179,00;92,96
3178,00;92,98
3177,00;93,00
3176,00;93,02
3175,00;93,04
3174,00;93,06
3173,00;93,07
3172,00;93,09
3171,00;93,11
3170,00;93,13
3169,00;93,15
3168,00;93,17
3167,00;93,19
3166,00;93,21
3165,00;93,23
3164,00;93,25
3163,00;93,27
3162,00;93,29
3161,00;93,32
3160,00;93,33
3159,00;93,35
3158,00;93,37
3157,00;93,38
3156,00;93,40
3155,00;93,42
3154,00;93,44
3153,00;93,46
3152,00;93,48
3151,00;93,50
3150,00;93,52
3149,00;93,54
3148,00;93,56
3147,00;93,58
3146,00;93,60
3145,00;93,62
3144,00;93,64
3143,00;93,65
3142,00;93,67
3141,00;93,69
3140,00;93,71
3139,00;93,73
3138,00;93,75
3137,00;93,77
3136,00;93,79
3135,00;93,81
3134,00;93,82
3133,00;93,84
3132,00;93,86
3131,00;93,87
3130,00;93,89
3129,00;93,91
3128,00;93,93
3127,00;93,95
3126,00;93,97
3125,00;93,98
3124,00;94,00
3123,00;94,01
3122,00;94,02
3121,00;94,04
3120,00;94,06
3119,00;94,08
3118,00;94,10
3117,00;94,12
3116,00;94,13
3115,00;94,15
3114,00;94,17
3113,00;94,19
3112,00;94,21
3111,00;94,22
3110,00;94,24
3109,00;94,25
3108,00;94,27
3107,00;94,29
3106,00;94,31
3105,00;94,33
3104,00;94,34
3103,00;94,35
3102,00;94,36
3101,00;94,38
3100,00;94,40
3099,00;94,42
3098,00;94,44
3097,00;94,45
3096,00;94,47
3095,00;94,48
3094,00;94,50
3093,00;94,51
3092,00;94,53
3091,00;94,54
3090,00;94,56
3089,00;94,57
3088,00;94,59
3087,00;94,60
3086,00;94,61
3085,00;94,62
3084,00;94,64
3083,00;94,65
3082,00;94,66
3081,00;94,68
3080,00;94,69
3079,00;94,71
3078,00;94,72
3077,00;94,74
3076,00;94,76
3075,00;94,78
3074,00;94,79
3073,00;94,81
3072,00;94,82
3071,00;94,83
3070,00;94,84
3069,00;94,86
3068,00;94,87
3067,00;94,88
3066,00;94,89
3065,00;94,91
3064,00;94,92
3063,00;94,94
3062,00;94,96
3061,00;94,97
3060,00;94,99
3059,00;95,00
3058,00;95,01
3057,00;95,03
3056,00;95,04
3055,00;95,05
3054,00;95,06
3053,00;95,08
3052,00;95,09
3051,00;95,11
3050,00;95,13
3049,00;95,14
3048,00;95,16
3047,00;95,17
3046,00;95,18
3045,00;95,19
3044,00;95,20
3043,00;95,21
3042,00;95,22
3041,00;95,23
3040,00;95,25
3039,00;95,26
3038,00;95,27
3037,00;95,28
3036,00;95,29
3035,00;95,30
3034,00;95,31
3033,00;95,32
3032,00;95,34
3031,00;95,35
3030,00;95,36
3029,00;95,37
3028,00;95,38
3027,00;95,39
3026,00;95,40
3025,00;95,42
3024,00;95,43
3023,00;95,43
3022,00;95,44
3021,00;95,44
3020,00;95,45
3019,00;95,45
3018,00;95,45
3017,00;95,45
3016,00;95,45
3015,00;95,45
3014,00;95,45
3013,00;95,46
3012,00;95,46
3011,00;95,46
3010,00;95,46
3009,00;95,47
3008,00;95,47
3007,00;95,47
3006,00;95,47
3005,00;95,47
3004,00;95,47
3003,00;95,48
3002,00;95,48
3001,00;95,49
3000,00;95,49
2999,00;95,49
2998,00;95,50
2997,00;95,50
2996,00;95,51
2995,00;95,51
2994,00;95,50
2993,00;95,50
2992,00;95,50
2991,00;95,49
2990,00;95,49
2989,00;95,48
2988,00;95,47
2987,00;95,46
2986,00;95,44
2985,00;95,42
2984,00;95,39
2983,00;95,36
2982,00;95,33
2981,00;95,31
2980,00;95,29
2979,00;95,27
2978,00;95,25
2977,00;95,22
2976,00;95,19
2975,00;95,16
2974,00;95,13
2973,00;95,09
2972,00;95,05
2971,00;95,00
2970,00;94,96
2969,00;94,91
2968,00;94,86
2967,00;94,80
2966,00;94,75
2965,00;94,69
2964,00;94,64
2963,00;94,58
2962,00;94,54
2961,00;94,49
2960,00;94,45
2959,00;94,41
2958,00;94,38
2957,00;94,35
2956,00;94,33
2955,00;94,31
2954,00;94,29
2953,00;94,28
2952,00;94,27
2951,00;94,26
2950,00;94,24
2949,00;94,22
2948,00;94,20
2947,00;94,17
2946,00;94,13
2945,00;94,09
2944,00;94,04
2943,00;93,98
2942,00;93,90
2941,00;93,82
2940,00;93,73
2939,00;93,63
2938,00;93,52
2937,00;93,42
2936,00;93,31
2935,00;93,19
2934,00;93,07
2933,00;92,95
2932,00;92,83
2931,00;92,71
2930,00;92,60
2929,00;92,50
2928,00;92,40
2927,00;92,31
2926,00;92,24
2925,00;92,18
2924,00;92,14
2923,00;92,13
2922,00;92,13
2921,00;92,15
2920,00;92,19
2919,00;92,25
2918,00;92,33
2917,00;92,42
2916,00;92,52
2915,00;92,63
2914,00;92,75
2913,00;92,86
2912,00;92,97
2911,00;93,06
2910,00;93,15
2909,00;93,22
2908,00;93,28
2907,00;93,33
2906,00;93,37
2905,00;93,42
2904,00;93,46
2903,00;93,50
2902,00;93,54
2901,00;93,57
2900,00;93,61
2899,00;93,65
2898,00;93,68
2897,00;93,72
2896,00;93,75
2895,00;93,78
2894,00;93,82
2893,00;93,86
2892,00;93,89
2891,00;93,93
2890,00;93,97
2889,00;94,01
2888,00;94,04
2887,00;94,08
2886,00;94,11
2885,00;94,14
2884,00;94,16
2883,00;94,18
2882,00;94,20
2881,00;94,21
2880,00;94,22
2879,00;94,23
2878,00;94,23
2877,00;94,23
2876,00;94,22
2875,00;94,21
2874,00;94,20
2873,00;94,20
2872,00;94,19
2871,00;94,20
2870,00;94,20
2869,00;94,21
2868,00;94,21
2867,00;94,21
2866,00;94,20
2865,00;94,18
2864,00;94,15
2863,00;94,10
2862,00;94,04
2861,00;93,97
2860,00;93,89
2859,00;93,80
2858,00;93,72
2857,00;93,63
2856,00;93,56
2855,00;93,51
2854,00;93,48
2853,00;93,48
2852,00;93,51
2851,00;93,57
2850,00;93,67
2849,00;93,81
2848,00;93,96
2847,00;94,12
2846,00;94,27
2845,00;94,42
2844,00;94,55
2843,00;94,66
2842,00;94,76
2841,00;94,85
2840,00;94,93
2839,00;95,00
2838,00;95,07
2837,00;95,13
2836,00;95,18
2835,00;95,23
2834,00;95,28
2833,00;95,32
2832,00;95,36
2831,00;95,39
2830,00;95,43
2829,00;95,46
2828,00;95,49
2827,00;95,52
2826,00;95,55
2825,00;95,58
2824,00;95,60
2823,00;95,62
2822,00;95,64
2821,00;95,67
2820,00;95,69
2819,00;95,71
2818,00;95,73
2817,00;95,75
2816,00;95,76
2815,00;95,77
2814,00;95,79
2813,00;95,80
2812,00;95,82
2811,00;95,83
2810,00;95,85
2809,00;95,86
2808,00;95,88
2807,00;95,89
2806,00;95,91
2805,00;95,92
2804,00;95,93
2803,00;95,94
2802,00;95,95
2801,00;95,96
2800,00;95,97
2799,00;95,99
2798,00;95,99
2797,00;96,00
2796,00;96,01
2795,00;96,02
2794,00;96,03
2793,00;96,04
2792,00;96,05
2791,00;96,06
2790,00;96,07
2789,00;96,07
2788,00;96,08
2787,00;96,09
2786,00;96,09
2785,00;96,10
2784,00;96,10
2783,00;96,11
2782,00;96,12
2781,00;96,13
2780,00;96,13
2779,00;96,14
2778,00;96,15
2777,00;96,16
2776,00;96,16
2775,00;96,17
2774,00;96,17
2773,00;96,18
2772,00;96,18
2771,00;96,19
2770,00;96,19
2769,00;96,20
2768,00;96,20
2767,00;96,21
2766,00;96,21
2765,00;96,21
2764,00;96,21
2763,00;96,22
2762,00;96,22
2761,00;96,23
2760,00;96,23
2759,00;96,24
2758,00;96,24
2757,00;96,24
2756,00;96,25
2755,00;96,25
2754,00;96,26
2753,00;96,26
2752,00;96,26
2751,00;96,27
2750,00;96,27
2749,00;96,28
2748,00;96,28
2747,00;96,28
2746,00;96,29
2745,00;96,29
2744,00;96,29
2743,00;96,29
2742,00;96,29
2741,00;96,30
2740,00;96,30
2739,00;96,30
2738,00;96,31
2737,00;96,31
2736,00;96,32
2735,00;96,32
2734,00;96,32
2733,00;96,32
2732,00;96,33
2731,00;96,33
2730,00;96,34
2729,00;96,34
2728,00;96,35
2727,00;96,35
2726,00;96,36
2725,00;96,36
2724,00;96,37
2723,00;96,37
2722,00;96,37
2721,00;96,38
2720,00;96,38
2719,00;96,39
2718,00;96,39
2717,00;96,40
2716,00;96,40
2715,00;96,41
2714,00;96,41
2713,00;96,42
2712,00;96,42
2711,00;96,42
2710,00;96,43
2709,00;96,44
2708,00;96,44
2707,00;96,45
2706,00;96,45
2705,00;96,46
2704,00;96,46
2703,00;96,47
2702,00;96,47
2701,00;96,47
2700,00;96,47
2699,00;96,47
2698,00;96,48
2697,00;96,49
2696,00;96,49
2695,00;96,50
2694,00;96,50
2693,00;96,51
2692,00;96,51
2691,00;96,51
2690,00;96,51
2689,00;96,51
2688,00;96,52
2687,00;96,52
2686,00;96,53
2685,00;96,53
2684,00;96,53
2683,00;96,54
2682,00;96,54
2681,00;96,55
2680,00;96,55
2679,00;96,56
2678,00;96,56
2677,00;96,56
2676,00;96,56
2675,00;96,57
2674,00;96,57
2673,00;96,57
2672,00;96,58
2671,00;96,58
2670,00;96,59
2669,00;96,59
2668,00;96,60
2667,00;96,60
2666,00;96,60
2665,00;96,61
2664,00;96,61
2663,00;96,61
2662,00;96,62
2661,00;96,62
2660,00;96,62
2659,00;96,62
2658,00;96,62
2657,00;96,63
2656,00;96,63
2655,00;96,64
2654,00;96,64
2653,00;96,65
2652,00;96,65
2651,00;96,66
2650,00;96,67
2649,00;96,67
2648,00;96,68
2647,00;96,68
2646,00;96,68
2645,00;96,69
2644,00;96,69
2643,00;96,70
2642,00;96,70
2641,00;96,71
2640,00;96,71
2639,00;96,72
2638,00;96,72
2637,00;96,72
2636,00;96,73
2635,00;96,73
2634,00;96,74
2633,00;96,75
2632,00;96,75
2631,00;96,76
2630,00;96,77
2629,00;96,78
2628,00;96,78
2627,00;96,79
2626,00;96,79
2625,00;96,79
2624,00;96,79
2623,00;96,79
2622,00;96,80
2621,00;96,80
2620,00;96,81
2619,00;96,82
2618,00;96,82
2617,00;96,82
2616,00;96,83
2615,00;96,83
2614,00;96,84
2613,00;96,85
2612,00;96,85
2611,00;96,86
2610,00;96,86
2609,00;96,86
2608,00;96,86
2607,00;96,87
2606,00;96,87
2605,00;96,88
2604,00;96,88
2603,00;96,89
2602,00;96,89
2601,00;96,89
2600,00;96,89
2599,00;96,89
2598,00;96,89
2597,00;96,89
2596,00;96,90
2595,00;96,90
2594,00;96,91
2593,00;96,92
2592,00;96,92
2591,00;96,93
2590,00;96,94
2589,00;96,94
2588,00;96,94
2587,00;96,94
2586,00;96,94
2585,00;96,94
2584,00;96,94
2583,00;96,94
2582,00;96,95
2581,00;96,95
2580,00;96,96
2579,00;96,96
2578,00;96,96
2577,00;96,96
2576,00;96,96
2575,00;96,96
2574,00;96,97
2573,00;96,98
2572,00;96,99
2571,00;96,99
2570,00;97,00
2569,00;97,00
2568,00;97,00
2567,00;96,99
2566,00;96,99
2565,00;96,99
2564,00;97,00
2563,00;97,00
2562,00;97,00
2561,00;97,01
2560,00;97,01
2559,00;97,02
2558,00;97,02
2557,00;97,02
2556,00;97,02
2555,00;97,02
2554,00;97,03
2553,00;97,03
2552,00;97,03
2551,00;97,03
2550,00;97,03
2549,00;97,03
2548,00;97,04
2547,00;97,04
2546,00;97,05
2545,00;97,05
2544,00;97,05
2543,00;97,04
2542,00;97,04
2541,00;97,04
2540,00;97,04
2539,00;97,04
2538,00;97,05
2537,00;97,06
2536,00;97,07
2535,00;97,07
2534,00;97,07
2533,00;97,07
2532,00;97,07
2531,00;97,08
2530,00;97,08
2529,00;97,09
2528,00;97,10
2527,00;97,10
2526,00;97,11
2525,00;97,11
2524,00;97,10
2523,00;97,10
2522,00;97,10
2521,00;97,10
2520,00;97,10
2519,00;97,11
2518,00;97,11
2517,00;97,11
2516,00;97,11
2515,00;97,11
2514,00;97,11
2513,00;97,11
2512,00;97,11
2511,00;97,11
2510,00;97,11
2509,00;97,11
2508,00;97,11
2507,00;97,11
2506,00;97,12
2505,00;97,12
2504,00;97,12
2503,00;97,12
2502,00;97,13
2501,00;97,13
2500,00;97,13
2499,00;97,13
2498,00;97,14
2497,00;97,14
2496,00;97,15
2495,00;97,15
2494,00;97,16
2493,00;97,16
2492,00;97,17
2491,00;97,16
2490,00;97,16
2489,00;97,16
2488,00;97,16
2487,00;97,16
2486,00;97,17
2485,00;97,18
2484,00;97,18
2483,00;97,19
2482,00;97,19
2481,00;97,19
2480,00;97,19
2479,00;97,18
2478,00;97,18
2477,00;97,19
2476,00;97,19
2475,00;97,19
2474,00;97,19
2473,00;97,19
2472,00;97,20
2471,00;97,20
2470,00;97,20
2469,00;97,20
2468,00;97,20
2467,00;97,20
2466,00;97,20
2465,00;97,20
2464,00;97,20
2463,00;97,20
2462,00;97,20
2461,00;97,21
2460,00;97,21
2459,00;97,22
2458,00;97,22
2457,00;97,22
2456,00;97,22
2455,00;97,22
2454,00;97,22
2453,00;97,22
2452,00;97,22
2451,00;97,23
2450,00;97,23
2449,00;97,24
2448,00;97,24
2447,00;97,23
2446,00;97,23
2445,00;97,24
2444,00;97,24
2443,00;97,25
2442,00;97,26
2441,00;97,26
2440,00;97,26
2439,00;97,26
2438,00;97,26
2437,00;97,26
2436,00;97,26
2435,00;97,26
2434,00;97,26
2433,00;97,26
2432,00;97,26
2431,00;97,26
2430,00;97,27
2429,00;97,28
2428,00;97,29
2427,00;97,29
2426,00;97,29
2425,00;97,28
2424,00;97,28
2423,00;97,28
2422,00;97,28
2421,00;97,28
2420,00;97,28
2419,00;97,29
2418,00;97,30
2417,00;97,30
2416,00;97,30
2415,00;97,30
2414,00;97,30
2413,00;97,30
2412,00;97,30
2411,00;97,30
2410,00;97,30
2409,00;97,30
2408,00;97,31
2407,00;97,31
2406,00;97,31
2405,00;97,31
2404,00;97,32
2403,00;97,32
2402,00;97,32
2401,00;97,32
2400,00;97,32
2399,00;97,32
2398,00;97,33
2397,00;97,33
2396,00;97,33
2395,00;97,33
2394,00;97,33
2393,00;97,33
2392,00;97,33
2391,00;97,33
2390,00;97,34
2389,00;97,34
2388,00;97,34
2387,00;97,34
2386,00;97,34
2385,00;97,34
2384,00;97,35
2383,00;97,35
2382,00;97,36
2381,00;97,37
2380,00;97,38
2379,00;97,38
2378,00;97,37
2377,00;97,36
2376,00;97,35
2375,00;97,34
2374,00;97,34
2373,00;97,35
2372,00;97,36
2371,00;97,37
2370,00;97,38
2369,00;97,38
2368,00;97,38
2367,00;97,37
2366,00;97,37
2365,00;97,36
2364,00;97,36
2363,00;97,35
2362,00;97,34
2361,00;97,34
2360,00;97,34
2359,00;97,34
2358,00;97,35
2357,00;97,36
2356,00;97,36
2355,00;97,36
2354,00;97,36
2353,00;97,37
2352,00;97,39
2351,00;97,40
2350,00;97,40
2349,00;97,38
2348,00;97,35
2347,00;97,32
2346,00;97,32
2345,00;97,34
2344,00;97,35
2343,00;97,34
2342,00;97,34
2341,00;97,34
2340,00;97,34
2339,00;97,34
2338,00;97,34
2337,00;97,34
2336,00;97,34
2335,00;97,34
2334,00;97,35
2333,00;97,36
2332,00;97,37
2331,00;97,38
2330,00;97,36
2329,00;97,34
2328,00;97,31
2327,00;97,28
2326,00;97,26
2325,00;97,26
2324,00;97,28
2323,00;97,31
2322,00;97,33
2321,00;97,34
2320,00;97,33
2319,00;97,33
2318,00;97,32
2317,00;97,31
2316,00;97,31
2315,00;97,32
2314,00;97,33
2313,00;97,35
2312,00;97,36
2311,00;97,37
2310,00;97,38
2309,00;97,38
2308,00;97,37
2307,00;97,37
2306,00;97,37
2305,00;97,37
2304,00;97,37
2303,00;97,37
2302,00;97,37
2301,00;97,37
2300,00;97,37
2299,00;97,37
2298,00;97,36
2297,00;97,35
2296,00;97,35
2295,00;97,34
2294,00;97,33
2293,00;97,32
2292,00;97,31
2291,00;97,31
2290,00;97,31
2289,00;97,31
2288,00;97,31
2287,00;97,31
2286,00;97,32
2285,00;97,33
2284,00;97,33
2283,00;97,34
2282,00;97,35
2281,00;97,35
2280,00;97,36
2279,00;97,36
2278,00;97,37
2277,00;97,38
2276,00;97,38
2275,00;97,38
2274,00;97,39
2273,00;97,39
2272,00;97,39
2271,00;97,39
2270,00;97,40
2269,00;97,41
2268,00;97,41
2267,00;97,42
2266,00;97,42
2265,00;97,42
2264,00;97,41
2263,00;97,40
2262,00;97,40
2261,00;97,40
2260,00;97,40
2259,00;97,40
2258,00;97,40
2257,00;97,40
2256,00;97,41
2255,00;97,41
2254,00;97,42
2253,00;97,42
2252,00;97,42
2251,00;97,42
2250,00;97,43
2249,00;97,44
2248,00;97,44
2247,00;97,45
2246,00;97,44
2245,00;97,44
2244,00;97,44
2243,00;97,45
2242,00;97,46
2241,00;97,47
2240,00;97,48
2239,00;97,47
2238,00;97,47
2237,00;97,46
2236,00;97,45
2235,00;97,44
2234,00;97,44
2233,00;97,44
2232,00;97,44
2231,00;97,44
2230,00;97,45
2229,00;97,46
2228,00;97,47
2227,00;97,47
2226,00;97,47
2225,00;97,48
2224,00;97,49
2223,00;97,50
2222,00;97,50
2221,00;97,49
2220,00;97,48
2219,00;97,48
2218,00;97,49
2217,00;97,50
2216,00;97,52
2215,00;97,52
2214,00;97,52
2213,00;97,53
2212,00;97,53
2211,00;97,53
2210,00;97,53
2209,00;97,53
2208,00;97,52
2207,00;97,52
2206,00;97,51
2205,00;97,51
2204,00;97,51
2203,00;97,50
2202,00;97,49
2201,00;97,50
2200,00;97,49
2199,00;97,49
2198,00;97,50
2197,00;97,51
2196,00;97,51
2195,00;97,52
2194,00;97,54
2193,00;97,56
2192,00;97,58
2191,00;97,58
2190,00;97,57
2189,00;97,56
2188,00;97,54
2187,00;97,53
2186,00;97,54
2185,00;97,56
2184,00;97,57
2183,00;97,58
2182,00;97,58
2181,00;97,58
2180,00;97,58
2179,00;97,58
2178,00;97,58
2177,00;97,59
2176,00;97,60
2175,00;97,61
2174,00;97,63
2173,00;97,65
2172,00;97,65
2171,00;97,61
2170,00;97,57
2169,00;97,53
2168,00;97,50
2167,00;97,49
2166,00;97,49
2165,00;97,49
2164,00;97,50
2163,00;97,53
2162,00;97,60
2161,00;97,72
2160,00;97,84
2159,00;97,93
2158,00;97,97
2157,00;97,97
2156,00;97,93
2155,00;97,89
2154,00;97,86
2153,00;97,84
2152,00;97,82
2151,00;97,82
2150,00;97,82
2149,00;97,81
2148,00;97,80
2147,00;97,79
2146,00;97,78
2145,00;97,78
2144,00;97,77
2143,00;97,75
2142,00;97,74
2141,00;97,74
2140,00;97,73
2139,00;97,72
2138,00;97,72
2137,00;97,73
2136,00;97,74
2135,00;97,75
2134,00;97,75
2133,00;97,73
2132,00;97,70
2131,00;97,68
2130,00;97,66
2129,00;97,66
2128,00;97,66
2127,00;97,65
2126,00;97,64
2125,00;97,63
2124,00;97,62
2123,00;97,62
2122,00;97,63
2121,00;97,63
2120,00;97,62
2119,00;97,60
2118,00;97,58
2117,00;97,57
2116,00;97,56
2115,00;97,56
2114,00;97,57
2113,00;97,58
2112,00;97,59
2111,00;97,59
2110,00;97,59
2109,00;97,58
2108,00;97,57
2107,00;97,57
2106,00;97,58
2105,00;97,60
2104,00;97,60
2103,00;97,59
2102,00;97,59
2101,00;97,59
2100,00;97,61
2099,00;97,62
2098,00;97,63
2097,00;97,64
2096,00;97,65
2095,00;97,65
2094,00;97,66
2093,00;97,65
2092,00;97,64
2091,00;97,62
2090,00;97,61
2089,00;97,61
2088,00;97,61
2087,00;97,62
2086,00;97,62
2085,00;97,62
2084,00;97,61
2083,00;97,61
2082,00;97,62
2081,00;97,63
2080,00;97,65
2079,00;97,66
2078,00;97,68
2077,00;97,69
2076,00;97,69
2075,00;97,70
2074,00;97,71
2073,00;97,74
2072,00;97,75
2071,00;97,75
2070,00;97,75
2069,00;97,74
2068,00;97,74
2067,00;97,73
2066,00;97,75
2065,00;97,77
2064,00;97,78
2063,00;97,78
2062,00;97,77
2061,00;97,76
2060,00;97,75
2059,00;97,76
2058,00;97,78
2057,00;97,81
2056,00;97,82
2055,00;97,82
2054,00;97,80
2053,00;97,77
2052,00;97,75
2051,00;97,75
2050,00;97,77
2049,00;97,80
2048,00;97,83
2047,00;97,85
2046,00;97,87
2045,00;97,89
2044,00;97,89
2043,00;97,89
2042,00;97,90
2041,00;97,92
2040,00;97,93
2039,00;97,93
2038,00;97,94
2037,00;97,96
2036,00;97,97
2035,00;97,97
2034,00;97,98
2033,00;98,00
2032,00;98,02
2031,00;98,04
2030,00;98,06
2029,00;98,07
2028,00;98,07
2027,00;98,07
2026,00;98,08
2025,00;98,10
2024,00;98,11
2023,00;98,12
2022,00;98,12
2021,00;98,13
2020,00;98,13
2019,00;98,13
2018,00;98,14
2017,00;98,14
2016,00;98,14
2015,00;98,13
2014,00;98,11
2013,00;98,10
2012,00;98,08
2011,00;98,06
2010,00;98,06
2009,00;98,07
2008,00;98,07
2007,00;98,09
2006,00;98,10
2005,00;98,09
2004,00;98,06
2003,00;98,04
2002,00;98,04
2001,00;98,04
2000,00;98,05
1999,00;98,05
1998,00;98,06
1997,00;98,05
1996,00;98,03
1995,00;98,00
1994,00;97,99
1993,00;97,98
1992,00;97,98
1991,00;97,98
1990,00;97,99
1989,00;98,00
1988,00;98,00
1987,00;97,99
1986,00;97,98
1985,00;97,98
1984,00;97,97
1983,00;97,97
1982,00;97,95
1981,00;97,94
1980,00;97,94
1979,00;97,98
1978,00;98,05
1977,00;98,12
1976,00;98,16
1975,00;98,17
1974,00;98,16
1973,00;98,14
1972,00;98,11
1971,00;98,10
1970,00;98,12
1969,00;98,14
1968,00;98,15
1967,00;98,17
1966,00;98,18
1965,00;98,17
1964,00;98,15
1963,00;98,14
1962,00;98,16
1961,00;98,16
1960,00;98,15
1959,00;98,11
1958,00;98,08
1957,00;98,05
1956,00;98,02
1955,00;97,99
1954,00;97,99
1953,00;97,99
1952,00;97,99
1951,00;98,00
1950,00;98,01
1949,00;98,01
1948,00;98,00
1947,00;97,98
1946,00;97,98
1945,00;97,98
1944,00;97,98
1943,00;97,97
1942,00;97,96
1941,00;97,96
1940,00;97,95
1939,00;97,93
1938,00;97,92
1937,00;97,91
1936,00;97,90
1935,00;97,90
1934,00;97,91
1933,00;97,92
1932,00;97,92
1931,00;97,93
1930,00;97,94
1929,00;97,94
1928,00;97,93
1927,00;97,91
1926,00;97,91
1925,00;97,91
1924,00;97,92
1923,00;97,93
1922,00;97,92
1921,00;97,91
1920,00;97,89
1919,00;97,87
1918,00;97,87
1917,00;97,87
1916,00;97,87
1915,00;97,87
1914,00;97,87
1913,00;97,87
1912,00;97,86
1911,00;97,86
1910,00;97,87
1909,00;97,88
1908,00;97,89
1907,00;97,89
1906,00;97,89
1905,00;97,89
1904,00;97,89
1903,00;97,89
1902,00;97,89
1901,00;97,89
1900,00;97,89
1899,00;97,88
1898,00;97,88
1897,00;97,88
1896,00;97,89
1895,00;97,89
1894,00;97,89
1893,00;97,87
1892,00;97,86
1891,00;97,85
1890,00;97,85
1889,00;97,86
1888,00;97,87
1887,00;97,87
1886,00;97,87
1885,00;97,87
1884,00;97,87
1883,00;97,88
1882,00;97,88
1881,00;97,88
1880,00;97,88
1879,00;97,88
1878,00;97,89
1877,00;97,89
1876,00;97,88
1875,00;97,88
1874,00;97,88
1873,00;97,88
1872,00;97,87
1871,00;97,87
1870,00;97,88
1869,00;97,89
1868,00;97,89
1867,00;97,90
1866,00;97,89
1865,00;97,89
1864,00;97,88
1863,00;97,87
1862,00;97,88
1861,00;97,88
1860,00;97,89
1859,00;97,89
1858,00;97,89
1857,00;97,89
1856,00;97,88
1855,00;97,87
1854,00;97,87
1853,00;97,88
1852,00;97,88
1851,00;97,89
1850,00;97,90
1849,00;97,90
1848,00;97,90
1847,00;97,89
1846,00;97,88
1845,00;97,87
1844,00;97,87
1843,00;97,87
1842,00;97,88
1841,00;97,89
1840,00;97,89
1839,00;97,89
1838,00;97,89
1837,00;97,89
1836,00;97,89
1835,00;97,89
1834,00;97,90
1833,00;97,90
1832,00;97,90
1831,00;97,90
1830,00;97,90
1829,00;97,91
1828,00;97,90
1827,00;97,90
1826,00;97,90
1825,00;97,90
1824,00;97,89
1823,00;97,89
1822,00;97,89
1821,00;97,89
1820,00;97,89
1819,00;97,91
1818,00;97,92
1817,00;97,92
1816,00;97,92
1815,00;97,90
1814,00;97,89
1813,00;97,89
1812,00;97,88
1811,00;97,88
1810,00;97,88
1809,00;97,88
1808,00;97,88
1807,00;97,87
1806,00;97,86
1805,00;97,86
1804,00;97,87
1803,00;97,88
1802,00;97,88
1801,00;97,88
1800,00;97,87
1799,00;97,86
1798,00;97,85
1797,00;97,85
1796,00;97,85
1795,00;97,85
1794,00;97,84
1793,00;97,84
1792,00;97,84
1791,00;97,84
1790,00;97,84
1789,00;97,84
1788,00;97,83
1787,00;97,82
1786,00;97,82
1785,00;97,82
1784,00;97,81
1783,00;97,80
1782,00;97,80
1781,00;97,79
1780,00;97,78
1779,00;97,78
1778,00;97,77
1777,00;97,75
1776,00;97,74
1775,00;97,72
1774,00;97,69
1773,00;97,66
1772,00;97,64
1771,00;97,63
1770,00;97,62
1769,00;97,60
1768,00;97,57
1767,00;97,52
1766,00;97,48
1765,00;97,44
1764,00;97,40
1763,00;97,35
1762,00;97,29
1761,00;97,21
1760,00;97,13
1759,00;97,05
1758,00;96,97
1757,00;96,86
1756,00;96,75
1755,00;96,63
1754,00;96,53
1753,00;96,41
1752,00;96,27
1751,00;96,13
1750,00;96,00
1749,00;95,88
1748,00;95,77
1747,00;95,67
1746,00;95,59
1745,00;95,50
1744,00;95,42
1743,00;95,35
1742,00;95,29
1741,00;95,24
1740,00;95,19
1739,00;95,17
1738,00;95,18
1737,00;95,18
1736,00;95,18
1735,00;95,18
1734,00;95,21
1733,00;95,25
1732,00;95,30
1731,00;95,35
1730,00;95,41
1729,00;95,45
1728,00;95,47
1727,00;95,50
1726,00;95,54
1725,00;95,58
1724,00;95,62
1723,00;95,66
1722,00;95,71
1721,00;95,74
1720,00;95,77
1719,00;95,80
1718,00;95,84
1717,00;95,89
1716,00;95,94
1715,00;96,00
1714,00;96,04
1713,00;96,08
1712,00;96,11
1711,00;96,15
1710,00;96,18
1709,00;96,21
1708,00;96,24
1707,00;96,27
1706,00;96,31
1705,00;96,35
1704,00;96,37
1703,00;96,39
1702,00;96,38
1701,00;96,36
1700,00;96,34
1699,00;96,33
1698,00;96,33
1697,00;96,32
1696,00;96,30
1695,00;96,29
1694,00;96,28
1693,00;96,27
1692,00;96,25
1691,00;96,22
1690,00;96,19
1689,00;96,15
1688,00;96,10
1687,00;96,05
1686,00;95,97
1685,00;95,88
1684,00;95,80
1683,00;95,75
1682,00;95,72
1681,00;95,67
1680,00;95,60
1679,00;95,54
1678,00;95,47
1677,00;95,40
1676,00;95,31
1675,00;95,21
1674,00;95,14
1673,00;95,08
1672,00;95,02
1671,00;94,96
1670,00;94,89
1669,00;94,82
1668,00;94,76
1667,00;94,70
1666,00;94,65
1665,00;94,60
1664,00;94,52
1663,00;94,43
1662,00;94,36
1661,00;94,29
1660,00;94,22
1659,00;94,16
1658,00;94,10
1657,00;94,05
1656,00;93,99
1655,00;93,90
1654,00;93,78
1653,00;93,64
1652,00;93,54
1651,00;93,50
1650,00;93,49
1649,00;93,46
1648,00;93,40
1647,00;93,32
1646,00;93,26
1645,00;93,21
1644,00;93,17
1643,00;93,13
1642,00;93,10
1641,00;93,06
1640,00;93,01
1639,00;92,96
1638,00;92,91
1637,00;92,83
1636,00;92,75
1635,00;92,69
1634,00;92,66
1633,00;92,63
1632,00;92,60
1631,00;92,57
1630,00;92,52
1629,00;92,48
1628,00;92,43
1627,00;92,38
1626,00;92,34
1625,00;92,29
1624,00;92,23
1623,00;92,16
1622,00;92,12
1621,00;92,09
1620,00;92,05
1619,00;91,99
1618,00;91,92
1617,00;91,84
1616,00;91,77
1615,00;91,74
1614,00;91,72
1613,00;91,71
1612,00;91,68
1611,00;91,65
1610,00;91,62
1609,00;91,60
1608,00;91,57
1607,00;91,54
1606,00;91,53
1605,00;91,52
1604,00;91,52
1603,00;91,52
1602,00;91,53
1601,00;91,54
1600,00;91,56
1599,00;91,58
1598,00;91,60
1597,00;91,64
1596,00;91,67
1595,00;91,72
1594,00;91,78
1593,00;91,85
1592,00;91,92
1591,00;92,00
1590,00;92,09
1589,00;92,19
1588,00;92,29
1587,00;92,40
1586,00;92,52
1585,00;92,64
1584,00;92,76
1583,00;92,89
1582,00;93,01
1581,00;93,14
1580,00;93,25
1579,00;93,35
1578,00;93,46
1577,00;93,59
1576,00;93,73
1575,00;93,87
1574,00;93,99
1573,00;94,10
1572,00;94,19
1571,00;94,28
1570,00;94,39
1569,00;94,51
1568,00;94,60
1567,00;94,67
1566,00;94,74
1565,00;94,82
1564,00;94,89
1563,00;94,94
1562,00;94,99
1561,00;95,01
1560,00;95,04
1559,00;95,10
1558,00;95,17
1557,00;95,23
1556,00;95,28
1555,00;95,32
1554,00;95,36
1553,00;95,40
1552,00;95,44
1551,00;95,48
1550,00;95,52
1549,00;95,55
1548,00;95,56
1547,00;95,57
1546,00;95,59
1545,00;95,62
1544,00;95,64
1543,00;95,64
1542,00;95,62
1541,00;95,62
1540,00;95,64
1539,00;95,69
1538,00;95,74
1537,00;95,79
1536,00;95,84
1535,00;95,87
1534,00;95,91
1533,00;95,96
1532,00;95,99
1531,00;96,01
1530,00;96,02
1529,00;96,05
1528,00;96,07
1527,00;96,10
1526,00;96,11
1525,00;96,12
1524,00;96,11
1523,00;96,10
1522,00;96,09
1521,00;96,09
1520,00;96,07
1519,00;96,05
1518,00;96,03
1517,00;96,00
1516,00;95,97
1515,00;95,95
1514,00;95,92
1513,00;95,89
1512,00;95,87
1511,00;95,85
1510,00;95,84
1509,00;95,82
1508,00;95,79
1507,00;95,78
1506,00;95,77
1505,00;95,77
1504,00;95,79
1503,00;95,83
1502,00;95,87
1501,00;95,90
1500,00;95,94
1499,00;95,97
1498,00;96,00
1497,00;96,02
1496,00;96,04
1495,00;96,06
1494,00;96,07
1493,00;96,07
1492,00;96,07
1491,00;96,07
1490,00;96,07
1489,00;96,06
1488,00;96,04
1487,00;96,01
1486,00;95,98
1485,00;95,95
1484,00;95,92
1483,00;95,88
1482,00;95,85
1481,00;95,81
1480,00;95,76
1479,00;95,72
1478,00;95,67
1477,00;95,62
1476,00;95,55
1475,00;95,47
1474,00;95,35
1473,00;95,21
1472,00;95,05
1471,00;94,91
1470,00;94,77
1469,00;94,64
1468,00;94,53
1467,00;94,43
1466,00;94,34
1465,00;94,27
1464,00;94,21
1463,00;94,17
1462,00;94,15
1461,00;94,12
1460,00;94,10
1459,00;94,07
1458,00;94,04
1457,00;94,00
1456,00;93,96
1455,00;93,94
1454,00;93,94
1453,00;93,94
1452,00;93,93
1451,00;93,92
1450,00;93,91
1449,00;93,89
1448,00;93,86
1447,00;93,83
1446,00;93,79
1445,00;93,76
1444,00;93,72
1443,00;93,67
1442,00;93,62
1441,00;93,57
1440,00;93,52
1439,00;93,47
1438,00;93,40
1437,00;93,32
1436,00;93,21
1435,00;93,12
1434,00;93,04
1433,00;92,96
1432,00;92,87
1431,00;92,79
1430,00;92,72
1429,00;92,64
1428,00;92,58
1427,00;92,53
1426,00;92,48
1425,00;92,44
1424,00;92,41
1423,00;92,39
1422,00;92,39
1421,00;92,39
1420,00;92,41
1419,00;92,46
1418,00;92,51
1417,00;92,54
1416,00;92,58
1415,00;92,63
1414,00;92,69
1413,00;92,75
1412,00;92,81
1411,00;92,88
1410,00;92,95
1409,00;93,00
1408,00;93,06
1407,00;93,12
1406,00;93,18
1405,00;93,24
1404,00;93,30
1403,00;93,35
1402,00;93,40
1401,00;93,44
1400,00;93,50
1399,00;93,56
1398,00;93,62
1397,00;93,67
1396,00;93,71
1395,00;93,75
1394,00;93,78
1393,00;93,79
1392,00;93,80
1391,00;93,80
1390,00;93,79
1389,00;93,78
1388,00;93,77
1387,00;93,74
1386,00;93,70
1385,00;93,63
1384,00;93,54
1383,00;93,44
1382,00;93,34
1381,00;93,24
1380,00;93,16
1379,00;93,08
1378,00;93,02
1377,00;92,97
1376,00;92,92
1375,00;92,89
1374,00;92,86
1373,00;92,84
1372,00;92,82
1371,00;92,80
1370,00;92,79
1369,00;92,79
1368,00;92,80
1367,00;92,80
1366,00;92,81
1365,00;92,84
1364,00;92,87
1363,00;92,91
1362,00;92,96
1361,00;92,99
1360,00;93,02
1359,00;93,05
1358,00;93,08
1357,00;93,11
1356,00;93,15
1355,00;93,18
1354,00;93,21
1353,00;93,24
1352,00;93,26
1351,00;93,28
1350,00;93,29
1349,00;93,29
1348,00;93,28
1347,00;93,26
1346,00;93,22
1345,00;93,18
1344,00;93,13
1343,00;93,07
1342,00;93,02
1341,00;92,96
1340,00;92,89
1339,00;92,82
1338,00;92,74
1337,00;92,66
1336,00;92,58
1335,00;92,51
1334,00;92,47
1333,00;92,43
1332,00;92,40
1331,00;92,37
1330,00;92,35
1329,00;92,33
1328,00;92,31
1327,00;92,29
1326,00;92,28
1325,00;92,26
1324,00;92,25
1323,00;92,24
1322,00;92,23
1321,00;92,22
1320,00;92,21
1319,00;92,21
1318,00;92,22
1317,00;92,24
1316,00;92,26
1315,00;92,30
1314,00;92,36
1313,00;92,42
1312,00;92,49
1311,00;92,57
1310,00;92,65
1309,00;92,74
1308,00;92,82
1307,00;92,90
1306,00;92,98
1305,00;93,06
1304,00;93,14
1303,00;93,22
1302,00;93,30
1301,00;93,39
1300,00;93,48
1299,00;93,56
1298,00;93,65
1297,00;93,72
1296,00;93,78
1295,00;93,83
1294,00;93,88
1293,00;93,91
1292,00;93,95
1291,00;93,97
1290,00;93,99
1289,00;94,00
1288,00;94,00
1287,00;93,99
1286,00;93,97
1285,00;93,95
1284,00;93,92
1283,00;93,89
1282,00;93,86
1281,00;93,84
1280,00;93,81
1279,00;93,78
1278,00;93,75
1277,00;93,71
1276,00;93,66
1275,00;93,61
1274,00;93,55
1273,00;93,50
1272,00;93,44
1271,00;93,38
1270,00;93,31
1269,00;93,25
1268,00;93,18
1267,00;93,11
1266,00;93,03
1265,00;92,95
1264,00;92,88
1263,00;92,80
1262,00;92,73
1261,00;92,67
1260,00;92,61
1259,00;92,56
1258,00;92,52
1257,00;92,48
1256,00;92,44
1255,00;92,39
1254,00;92,34
1253,00;92,28
1252,00;92,23
1251,00;92,19
1250,00;92,16
1249,00;92,13
1248,00;92,11
1247,00;92,10
1246,00;92,09
1245,00;92,09
1244,00;92,08
1243,00;92,08
1242,00;92,09
1241,00;92,10
1240,00;92,11
1239,00;92,12
1238,00;92,13
1237,00;92,15
1236,00;92,17
1235,00;92,19
1234,00;92,22
1233,00;92,27
1232,00;92,31
1231,00;92,38
1230,00;92,45
1229,00;92,53
1228,00;92,61
1227,00;92,69
1226,00;92,78
1225,00;92,88
1224,00;92,97
1223,00;93,06
1222,00;93,15
1221,00;93,23
1220,00;93,30
1219,00;93,37
1218,00;93,43
1217,00;93,49
1216,00;93,55
1215,00;93,59
1214,00;93,64
1213,00;93,69
1212,00;93,73
1211,00;93,77
1210,00;93,81
1209,00;93,85
1208,00;93,88
1207,00;93,90
1206,00;93,93
1205,00;93,97
1204,00;94,00
1203,00;94,05
1202,00;94,11
1201,00;94,17
1200,00;94,23
1199,00;94,30
1198,00;94,38
1197,00;94,46
1196,00;94,54
1195,00;94,61
1194,00;94,68
1193,00;94,74
1192,00;94,79
1191,00;94,84
1190,00;94,87
1189,00;94,89
1188,00;94,89
1187,00;94,89
1186,00;94,87
1185,00;94,85
1184,00;94,81
1183,00;94,77
1182,00;94,70
1181,00;94,60
1180,00;94,48
1179,00;94,35
1178,00;94,21
1177,00;94,06
1176,00;93,91
1175,00;93,74
1174,00;93,55
1173,00;93,33
1172,00;93,10
1171,00;92,85
1170,00;92,59
1169,00;92,33
1168,00;92,07
1167,00;91,82
1166,00;91,58
1165,00;91,37
1164,00;91,17
1163,00;91,00
1162,00;90,86
1161,00;90,75
1160,00;90,67
1159,00;90,61
1158,00;90,58
1157,00;90,57
1156,00;90,58
1155,00;90,60
1154,00;90,64
1153,00;90,68
1152,00;90,72
1151,00;90,76
1150,00;90,80
1149,00;90,85
1148,00;90,89
1147,00;90,94
1146,00;90,99
1145,00;91,04
1144,00;91,09
1143,00;91,14
1142,00;91,19
1141,00;91,23
1140,00;91,25
1139,00;91,26
1138,00;91,27
1137,00;91,25
1136,00;91,23
1135,00;91,18
1134,00;91,13
1133,00;91,07
1132,00;90,99
1131,00;90,89
1130,00;90,76
1129,00;90,62
1128,00;90,46
1127,00;90,30
1126,00;90,15
1125,00;90,01
1124,00;89,86
1123,00;89,71
1122,00;89,56
1121,00;89,41
1120,00;89,24
1119,00;89,06
1118,00;88,86
1117,00;88,63
1116,00;88,37
1115,00;88,11
1114,00;87,84
1113,00;87,57
1112,00;87,32
1111,00;87,09
1110,00;86,88
1109,00;86,69
1108,00;86,51
1107,00;86,37
1106,00;86,24
1105,00;86,14
1104,00;86,05
1103,00;85,99
1102,00;85,94
1101,00;85,90
1100,00;85,88
1099,00;85,87
1098,00;85,88
1097,00;85,90
1096,00;85,91
1095,00;85,93
1094,00;85,96
1093,00;85,98
1092,00;85,99
1091,00;86,01
1090,00;86,03
1089,00;86,05
1088,00;86,06
1087,00;86,08
1086,00;86,09
1085,00;86,08
1084,00;86,05
1083,00;86,00
1082,00;85,94
1081,00;85,84
1080,00;85,72
1079,00;85,58
1078,00;85,44
1077,00;85,30
1076,00;85,16
1075,00;85,03
1074,00;84,91
1073,00;84,78
1072,00;84,64
1071,00;84,50
1070,00;84,36
1069,00;84,20
1068,00;84,02
1067,00;83,82
1066,00;83,61
1065,00;83,39
1064,00;83,14
1063,00;82,90
1062,00;82,66
1061,00;82,43
1060,00;82,20
1059,00;82,00
1058,00;81,82
1057,00;81,65
1056,00;81,49
1055,00;81,34
1054,00;81,22
1053,00;81,11
1052,00;81,01
1051,00;80,93
1050,00;80,87
1049,00;80,82
1048,00;80,77
1047,00;80,75
1046,00;80,73
1045,00;80,70
1044,00;80,67
1043,00;80,62
1042,00;80,55
1041,00;80,47
1040,00;80,34
1039,00;80,19
1038,00;80,02
1037,00;79,84
1036,00;79,64
1035,00;79,46
1034,00;79,31
1033,00;79,18
1032,00;79,07
1031,00;79,01
1030,00;78,98
1029,00;78,96
1028,00;78,96
1027,00;78,97
1026,00;79,00
1025,00;79,03
1024,00;79,07
1023,00;79,12
1022,00;79,18
1021,00;79,25
1020,00;79,30
1019,00;79,37
1018,00;79,44
1017,00;79,51
1016,00;79,59
1015,00;79,66
1014,00;79,74
1013,00;79,82
1012,00;79,89
1011,00;79,95
1010,00;80,03
1009,00;80,10
1008,00;80,18
1007,00;80,27
1006,00;80,38
1005,00;80,50
1004,00;80,63
1003,00;80,77
1002,00;80,94
1001,00;81,11
1000,00;81,28
999,00;81,45
998,00;81,61
997,00;81,75
996,00;81,87
995,00;81,98
994,00;82,07
993,00;82,15
992,00;82,21
991,00;82,27
990,00;82,34
989,00;82,40
988,00;82,47
987,00;82,56
986,00;82,68
985,00;82,84
984,00;83,03
983,00;83,26
982,00;83,52
981,00;83,80
980,00;84,09
979,00;84,37
978,00;84,66
977,00;84,93
976,00;85,18
975,00;85,40
974,00;85,61
973,00;85,79
972,00;85,95
971,00;86,10
970,00;86,23
969,00;86,35
968,00;86,46
967,00;86,57
966,00;86,67
965,00;86,77
964,00;86,87
963,00;86,98
962,00;87,10
961,00;87,22
960,00;87,35
959,00;87,48
958,00;87,63
957,00;87,78
956,00;87,95
955,00;88,13
954,00;88,32
953,00;88,52
952,00;88,73
951,00;88,94
950,00;89,17
949,00;89,38
948,00;89,59
947,00;89,81
946,00;90,02
945,00;90,22
944,00;90,40
943,00;90,57
942,00;90,73
941,00;90,88
940,00;91,01
939,00;91,13
938,00;91,24
937,00;91,34
936,00;91,43
935,00;91,50
934,00;91,57
933,00;91,63
932,00;91,67
931,00;91,72
930,00;91,77
929,00;91,82
928,00;91,86
927,00;91,90
926,00;91,93
925,00;91,96
924,00;91,98
923,00;92,00
922,00;92,03
921,00;92,06
920,00;92,07
919,00;92,08
918,00;92,09
917,00;92,10
916,00;92,11
915,00;92,11
914,00;92,11
913,00;92,11
912,00;92,09
911,00;92,08
910,00;92,07
909,00;92,04
908,00;91,99
907,00;91,93
906,00;91,87
905,00;91,79
904,00;91,69
903,00;91,59
902,00;91,49
901,00;91,39
900,00;91,31
899,00;91,26
898,00;91,23
897,00;91,22
896,00;91,23
895,00;91,26
894,00;91,32
893,00;91,39
892,00;91,46
891,00;91,55
890,00;91,65
889,00;91,76
888,00;91,86
887,00;91,95
886,00;92,05
885,00;92,15
884,00;92,24
883,00;92,31
882,00;92,39
881,00;92,46
880,00;92,52
879,00;92,57
878,00;92,61
877,00;92,65
876,00;92,68
875,00;92,71
874,00;92,75
873,00;92,80
872,00;92,83
871,00;92,87
870,00;92,91
869,00;92,95
868,00;92,97
867,00;92,99
866,00;93,00
865,00;93,01
864,00;93,02
863,00;93,02
862,00;93,02
861,00;93,01
860,00;92,99
859,00;92,96
858,00;92,95
857,00;92,94
856,00;92,93
855,00;92,93
854,00;92,95
853,00;92,97
852,00;92,98
851,00;92,99
850,00;93,00
849,00;93,02
848,00;93,02
847,00;93,02
846,00;93,00
845,00;92,98
844,00;92,95
843,00;92,93
842,00;92,90
841,00;92,87
840,00;92,83
839,00;92,77
838,00;92,72
837,00;92,68
836,00;92,63
835,00;92,61
834,00;92,60
833,00;92,60
832,00;92,60
831,00;92,60
830,00;92,61
829,00;92,61
828,00;92,60
827,00;92,58
826,00;92,57
825,00;92,57
824,00;92,55
823,00;92,52
822,00;92,50
821,00;92,47
820,00;92,44
819,00;92,43
818,00;92,43
817,00;92,43
816,00;92,42
815,00;92,42
814,00;92,42
813,00;92,42
812,00;92,41
811,00;92,40
810,00;92,40
809,00;92,38
808,00;92,36
807,00;92,35
806,00;92,34
805,00;92,34
804,00;92,32
803,00;92,30
802,00;92,29
801,00;92,27
800,00;92,25
799,00;92,22
798,00;92,21
797,00;92,19
796,00;92,17
795,00;92,15
794,00;92,12
793,00;92,09
792,00;92,05
791,00;92,01
790,00;91,99
789,00;91,96
788,00;91,92
787,00;91,89
786,00;91,86
785,00;91,82
784,00;91,78
783,00;91,74
782,00;91,70
781,00;91,67
780,00;91,62
779,00;91,59
778,00;91,57
777,00;91,56
776,00;91,54
775,00;91,52
774,00;91,50
773,00;91,48
772,00;91,45
771,00;91,42
770,00;91,40
769,00;91,36
768,00;91,31
767,00;91,27
766,00;91,24
765,00;91,21
764,00;91,18
763,00;91,16
762,00;91,15
761,00;91,13
760,00;91,09
759,00;91,05
758,00;91,01
757,00;91,00
756,00;90,98
755,00;90,98
754,00;91,00
753,00;91,00
752,00;90,99
751,00;90,98
750,00;90,97
749,00;90,96
748,00;90,94
747,00;90,91
746,00;90,89
745,00;90,86
744,00;90,82
743,00;90,77
742,00;90,74
741,00;90,70
740,00;90,66
739,00;90,61
738,00;90,57
737,00;90,53
736,00;90,48
735,00;90,42
734,00;90,38
733,00;90,32
732,00;90,25
731,00;90,18
730,00;90,11
729,00;90,04
728,00;89,97
727,00;89,89
726,00;89,81
725,00;89,73
724,00;89,64
723,00;89,56
722,00;89,49
721,00;89,42
720,00;89,36
719,00;89,30
718,00;89,26
717,00;89,22
716,00;89,16
715,00;89,10
714,00;89,07
713,00;89,03
712,00;88,98
711,00;88,93
710,00;88,89
709,00;88,85
708,00;88,81
707,00;88,76
706,00;88,73
705,00;88,69
704,00;88,64
703,00;88,58
702,00;88,54
701,00;88,49
700,00;88,45
699,00;88,42
698,00;88,41
697,00;88,40
696,00;88,40
695,00;88,39
694,00;88,38
693,00;88,37
692,00;88,34
691,00;88,32
690,00;88,31
689,00;88,29
688,00;88,25
687,00;88,21
686,00;88,17
685,00;88,13
684,00;88,07
683,00;87,99
682,00;87,91
681,00;87,82
680,00;87,70
679,00;87,59
678,00;87,48
677,00;87,36
676,00;87,23
675,00;87,09
674,00;86,94
673,00;86,81
672,00;86,69
671,00;86,61
670,00;86,57
669,00;86,53
668,00;86,44
667,00;86,30
666,00;86,19
665,00;86,10
664,00;86,02
663,00;85,96
662,00;85,94
661,00;85,94
660,00;85,93
659,00;85,93
658,00;85,96
657,00;85,98
656,00;85,98
655,00;85,98
654,00;85,99
653,00;85,98
652,00;85,95
651,00;85,91
650,00;85,89
649,00;85,87
648,00;85,82
647,00;85,77
646,00;85,72
645,00;85,68
644,00;85,63
643,00;85,59
642,00;85,57
641,00;85,54
640,00;85,49
639,00;85,44
638,00;85,41
637,00;85,39
636,00;85,35
635,00;85,31
634,00;85,28
633,00;85,25
632,00;85,20
631,00;85,15
630,00;85,13
629,00;85,09
628,00;85,04
627,00;84,98
626,00;84,93
625,00;84,86
624,00;84,76
623,00;84,67
622,00;84,60
621,00;84,53
620,00;84,43
619,00;84,34
618,00;84,29
617,00;84,26
616,00;84,21
615,00;84,16
614,00;84,11
613,00;84,05
612,00;83,97
611,00;83,91
610,00;83,88
609,00;83,86
608,00;83,84
607,00;83,84
606,00;83,86
605,00;83,87
604,00;83,83
603,00;83,80
602,00;83,78
601,00;83,76
600,00;83,71
599,00;83,66
598,00;83,63
597,00;83,60
596,00;83,54
595,00;83,49
594,00;83,47
593,00;83,44
592,00;83,41
591,00;83,39
590,00;83,39
589,00;83,40
588,00;83,40
587,00;83,41
586,00;83,44
585,00;83,45
584,00;83,44
583,00;83,42
582,00;83,44
581,00;83,46
580,00;83,45
579,00;83,43
578,00;83,44
577,00;83,46
576,00;83,45
575,00;83,43
574,00;83,41
573,00;83,38
572,00;83,32
571,00;83,29
570,00;83,28
569,00;83,26
568,00;83,19
567,00;83,12
566,00;83,07
565,00;82,99
564,00;82,85
563,00;82,70
562,00;82,58
561,00;82,49
560,00;82,39
559,00;82,34
558,00;82,36
557,00;82,39
556,00;82,40
555,00;82,42
554,00;82,48
553,00;82,54
552,00;82,57
551,00;82,60
550,00;82,65
549,00;82,68
548,00;82,67
547,00;82,67
546,00;82,71
545,00;82,74
544,00;82,75
543,00;82,74
542,00;82,74
541,00;82,73
540,00;82,69
539,00;82,67
538,00;82,70
537,00;82,74
536,00;82,75
535,00;82,75
534,00;82,76
533,00;82,77
532,00;82,74
531,00;82,71
530,00;82,71
529,00;82,70
528,00;82,69
527,00;82,70
526,00;82,74
525,00;82,76
524,00;82,72
523,00;82,69
522,00;82,71
521,00;82,74
520,00;82,74
519,00;82,75
518,00;82,78
517,00;82,82
516,00;82,84
515,00;82,87
514,00;82,94
513,00;83,01
512,00;83,04
511,00;83,06
510,00;83,11
509,00;83,15
508,00;83,16
507,00;83,19
506,00;83,26
505,00;83,34
504,00;83,39
503,00;83,42
502,00;83,45
501,00;83,45
500,00;83,40
499,00;83,39
498,00;83,43
497,00;83,49
496,00;83,50
495,00;83,50
494,00;83,52
493,00;83,54
492,00;83,53
491,00;83,54
490,00;83,59
489,00;83,63
488,00;83,65
487,00;83,69
486,00;83,76
485,00;83,81
484,00;83,79
483,00;83,79
482,00;83,85
481,00;83,91
480,00;83,94
479,00;83,98
478,00;84,06
477,00;84,12
476,00;84,13
475,00;84,13
474,00;84,18
473,00;84,23
472,00;84,21
471,00;84,18
470,00;84,19
469,00;84,20
468,00;84,17
467,00;84,15
466,00;84,19
465,00;84,20
464,00;84,16
463,00;84,12
462,00;84,16
461,00;84,22
460,00;84,23
459,00;84,24
458,00;84,30
457,00;84,34
456,00;84,29
455,00;84,24
454,00;84,27
453,00;84,30
452,00;84,27
451,00;84,23
450,00;84,25
449,00;84,26
448,00;84,22
447,00;84,19
446,00;84,20
445,00;84,19
444,00;84,09
443,00;84,01
442,00;84,02
441,00;84,01
440,00;83,91
439,00;83,83
438,00;83,87
437,00;83,95
436,00;83,94
435,00;83,88
434,00;83,86
433,00;83,84
432,00;83,79
431,00;83,84
430,00;84,02
429,00;84,14
428,00;84,10
427,00;84,06
426,00;84,16
425,00;84,27
424,00;84,23
423,00;84,14
422,00;84,19
421,00;84,31
420,00;84,43
419,00;84,72
418,00;85,18
417,00;85,46
416,00;85,42
415,00;85,30
414,00;85,28
413,00;85,26
412,00;85,15
411,00;85,11
410,00;85,29
409,00;85,48
408,00;85,47
407,00;85,35
406,00;85,30
405,00;85,16
404,00;84,83
403,00;84,58
402,00;84,65
401,00;84,85
400,00;84,91
